Reduction, Throughput = 0.8649 GB/s, Time = 0.00000 s, Size = 480 Elements, NumDevsUsed = 1, Workgroup = 11
Reduction, Throughput = 0.8496 GB/s, Time = 0.00000 s, Size = 480 Elements, NumDevsUsed = 1, Workgroup = 11
Reduction, Throughput = 15.8358 GB/s, Time = 0.00424 s, Size = 16777216 Elements, NumDevsUsed = 1, Workgroup = 256
Reduction, Throughput = 15.7685 GB/s, Time = 0.00426 s, Size = 16777216 Elements, NumDevsUsed = 1, Workgroup = 256
Reduction, Throughput = 0.0449 GB/s, Time = 0.00009 s, Size = 1023 Elements, NumDevsUsed = 1, Workgroup = 512
Reduction, Throughput = 0.0400 GB/s, Time = 0.00010 s, Size = 1023 Elements, NumDevsUsed = 1, Workgroup = 512
Reduction, Throughput = 0.0458 GB/s, Time = 0.00009 s, Size = 1023 Elements, NumDevsUsed = 1, Workgroup = 512
Reduction, Throughput = 0.0845 GB/s, Time = 0.00005 s, Size = 1023 Elements, NumDevsUsed = 1, Workgroup = 512
Reduction, Throughput = 0.0887 GB/s, Time = 0.00005 s, Size = 1023 Elements, NumDevsUsed = 1, Workgroup = 512
Reduction, Throughput = 0.0953 GB/s, Time = 0.00004 s, Size = 1023 Elements, NumDevsUsed = 1, Workgroup = 512
Reduction, Throughput = 0.0933 GB/s, Time = 0.00004 s, Size = 1023 Elements, NumDevsUsed = 1, Workgroup = 512
Reduction, Throughput = 0.0403 GB/s, Time = 0.00005 s, Size = 511 Elements, NumDevsUsed = 1, Workgroup = 512
Reduction, Throughput = 0.0398 GB/s, Time = 0.00005 s, Size = 511 Elements, NumDevsUsed = 1, Workgroup = 512
Reduction, Throughput = 0.0423 GB/s, Time = 0.00005 s, Size = 511 Elements, NumDevsUsed = 1, Workgroup = 512
Reduction, Throughput = 0.0428 GB/s, Time = 0.00005 s, Size = 511 Elements, NumDevsUsed = 1, Workgroup = 256
Reduction, Throughput = 0.0477 GB/s, Time = 0.00004 s, Size = 511 Elements, NumDevsUsed = 1, Workgroup = 256
Reduction, Throughput = 0.0481 GB/s, Time = 0.00004 s, Size = 511 Elements, NumDevsUsed = 1, Workgroup = 256
Reduction, Throughput = 0.0473 GB/s, Time = 0.00004 s, Size = 511 Elements, NumDevsUsed = 1, Workgroup = 256
Reduction, Throughput = 0.0380 GB/s, Time = 0.00005 s, Size = 480 Elements, NumDevsUsed = 1, Workgroup = 512
Reduction, Throughput = 0.0375 GB/s, Time = 0.00005 s, Size = 480 Elements, NumDevsUsed = 1, Workgroup = 512
Reduction, Throughput = 0.0396 GB/s, Time = 0.00005 s, Size = 480 Elements, NumDevsUsed = 1, Workgroup = 512
Reduction, Throughput = 0.0420 GB/s, Time = 0.00005 s, Size = 480 Elements, NumDevsUsed = 1, Workgroup = 256
Reduction, Throughput = 0.0447 GB/s, Time = 0.00004 s, Size = 480 Elements, NumDevsUsed = 1, Workgroup = 256
Reduction, Throughput = 0.0455 GB/s, Time = 0.00004 s, Size = 480 Elements, NumDevsUsed = 1, Workgroup = 256
Reduction, Throughput = 0.0452 GB/s, Time = 0.00004 s, Size = 480 Elements, NumDevsUsed = 1, Workgroup = 256
Reduction, Throughput = 0.0427 GB/s, Time = 0.00010 s, Size = 1023 Elements, NumDevsUsed = 1, Workgroup = 511
Reduction, Throughput = 0.0430 GB/s, Time = 0.00010 s, Size = 1023 Elements, NumDevsUsed = 1, Workgroup = 511
Reduction, Throughput = 0.0441 GB/s, Time = 0.00009 s, Size = 1023 Elements, NumDevsUsed = 1, Workgroup = 511
Reduction, Throughput = 0.0466 GB/s, Time = 0.00009 s, Size = 1023 Elements, NumDevsUsed = 1, Workgroup = 511
Reduction, Throughput = 0.0769 GB/s, Time = 0.00005 s, Size = 1023 Elements, NumDevsUsed = 1, Workgroup = 511
Reduction, Throughput = 0.0969 GB/s, Time = 0.00004 s, Size = 1023 Elements, NumDevsUsed = 1, Workgroup = 511
Reduction, Throughput = 0.1007 GB/s, Time = 0.00004 s, Size = 1023 Elements, NumDevsUsed = 1, Workgroup = 511
Reduction, Throughput = 0.0311 GB/s, Time = 0.00007 s, Size = 511 Elements, NumDevsUsed = 1, Workgroup = 511
Reduction, Throughput = 0.0397 GB/s, Time = 0.00005 s, Size = 511 Elements, NumDevsUsed = 1, Workgroup = 511
Reduction, Throughput = 0.0434 GB/s, Time = 0.00005 s, Size = 511 Elements, NumDevsUsed = 1, Workgroup = 511
Reduction, Throughput = 0.0442 GB/s, Time = 0.00005 s, Size = 511 Elements, NumDevsUsed = 1, Workgroup = 256
Reduction, Throughput = 0.0379 GB/s, Time = 0.00005 s, Size = 511 Elements, NumDevsUsed = 1, Workgroup = 256
Reduction, Throughput = 0.0480 GB/s, Time = 0.00004 s, Size = 511 Elements, NumDevsUsed = 1, Workgroup = 256
Reduction, Throughput = 0.0480 GB/s, Time = 0.00004 s, Size = 511 Elements, NumDevsUsed = 1, Workgroup = 256
Reduction, Throughput = 0.0370 GB/s, Time = 0.00005 s, Size = 480 Elements, NumDevsUsed = 1, Workgroup = 512
Reduction, Throughput = 0.0371 GB/s, Time = 0.00005 s, Size = 480 Elements, NumDevsUsed = 1, Workgroup = 512
Reduction, Throughput = 0.0401 GB/s, Time = 0.00005 s, Size = 480 Elements, NumDevsUsed = 1, Workgroup = 512
Reduction, Throughput = 0.0338 GB/s, Time = 0.00006 s, Size = 480 Elements, NumDevsUsed = 1, Workgroup = 256
Reduction, Throughput = 0.0442 GB/s, Time = 0.00004 s, Size = 480 Elements, NumDevsUsed = 1, Workgroup = 256
Reduction, Throughput = 0.0454 GB/s, Time = 0.00004 s, Size = 480 Elements, NumDevsUsed = 1, Workgroup = 256
Reduction, Throughput = 0.0358 GB/s, Time = 0.00005 s, Size = 480 Elements, NumDevsUsed = 1, Workgroup = 256
Reduction, Throughput = 0.0442 GB/s, Time = 0.00009 s, Size = 1023 Elements, NumDevsUsed = 1, Workgroup = 480
Reduction, Throughput = 0.0470 GB/s, Time = 0.00009 s, Size = 1023 Elements, NumDevsUsed = 1, Workgroup = 480
Reduction, Throughput = 0.0978 GB/s, Time = 0.00004 s, Size = 1023 Elements, NumDevsUsed = 1, Workgroup = 480
Reduction, Throughput = 0.0955 GB/s, Time = 0.00004 s, Size = 1023 Elements, NumDevsUsed = 1, Workgroup = 480
Reduction, Throughput = 0.0945 GB/s, Time = 0.00004 s, Size = 1023 Elements, NumDevsUsed = 1, Workgroup = 480
Reduction, Throughput = 0.0229 GB/s, Time = 0.00009 s, Size = 511 Elements, NumDevsUsed = 1, Workgroup = 480
Reduction, Throughput = 0.0448 GB/s, Time = 0.00005 s, Size = 511 Elements, NumDevsUsed = 1, Workgroup = 256
Reduction, Throughput = 0.0475 GB/s, Time = 0.00004 s, Size = 511 Elements, NumDevsUsed = 1, Workgroup = 256
Reduction, Throughput = 0.0479 GB/s, Time = 0.00004 s, Size = 511 Elements, NumDevsUsed = 1, Workgroup = 256
Reduction, Throughput = 0.0481 GB/s, Time = 0.00004 s, Size = 511 Elements, NumDevsUsed = 1, Workgroup = 256
Reduction, Throughput = 0.0408 GB/s, Time = 0.00005 s, Size = 480 Elements, NumDevsUsed = 1, Workgroup = 480
Reduction, Throughput = 0.0414 GB/s, Time = 0.00005 s, Size = 480 Elements, NumDevsUsed = 1, Workgroup = 256
Reduction, Throughput = 0.0443 GB/s, Time = 0.00004 s, Size = 480 Elements, NumDevsUsed = 1, Workgroup = 256
Reduction, Throughput = 0.0453 GB/s, Time = 0.00004 s, Size = 480 Elements, NumDevsUsed = 1, Workgroup = 256
Reduction, Throughput = 0.0438 GB/s, Time = 0.00004 s, Size = 480 Elements, NumDevsUsed = 1, Workgroup = 256
Reduction, Throughput = 0.0285 GB/s, Time = 0.00014 s, Size = 1023 Elements, NumDevsUsed = 1, Workgroup = 11
Reduction, Throughput = 0.0285 GB/s, Time = 0.00014 s, Size = 1023 Elements, NumDevsUsed = 1, Workgroup = 11
Reduction, Throughput = 0.0292 GB/s, Time = 0.00014 s, Size = 1023 Elements, NumDevsUsed = 1, Workgroup = 11
Reduction, Throughput = 0.0316 GB/s, Time = 0.00013 s, Size = 1023 Elements, NumDevsUsed = 1, Workgroup = 11
Reduction, Throughput = 0.0935 GB/s, Time = 0.00004 s, Size = 1023 Elements, NumDevsUsed = 1, Workgroup = 11
Reduction, Throughput = 0.0951 GB/s, Time = 0.00004 s, Size = 1023 Elements, NumDevsUsed = 1, Workgroup = 11
Reduction, Throughput = 0.0965 GB/s, Time = 0.00004 s, Size = 1023 Elements, NumDevsUsed = 1, Workgroup = 11
Reduction, Throughput = 0.0152 GB/s, Time = 0.00013 s, Size = 511 Elements, NumDevsUsed = 1, Workgroup = 11
Reduction, Throughput = 0.0153 GB/s, Time = 0.00013 s, Size = 511 Elements, NumDevsUsed = 1, Workgroup = 11
Reduction, Throughput = 0.0154 GB/s, Time = 0.00013 s, Size = 511 Elements, NumDevsUsed = 1, Workgroup = 11
Reduction, Throughput = 0.0156 GB/s, Time = 0.00013 s, Size = 511 Elements, NumDevsUsed = 1, Workgroup = 11
Reduction, Throughput = 0.0488 GB/s, Time = 0.00004 s, Size = 511 Elements, NumDevsUsed = 1, Workgroup = 11
Reduction, Throughput = 0.0482 GB/s, Time = 0.00004 s, Size = 511 Elements, NumDevsUsed = 1, Workgroup = 11
Reduction, Throughput = 0.0480 GB/s, Time = 0.00004 s, Size = 511 Elements, NumDevsUsed = 1, Workgroup = 11
Reduction, Throughput = 0.0145 GB/s, Time = 0.00013 s, Size = 480 Elements, NumDevsUsed = 1, Workgroup = 11
Reduction, Throughput = 0.0145 GB/s, Time = 0.00013 s, Size = 480 Elements, NumDevsUsed = 1, Workgroup = 11
Reduction, Throughput = 0.0148 GB/s, Time = 0.00013 s, Size = 480 Elements, NumDevsUsed = 1, Workgroup = 11
Reduction, Throughput = 0.0226 GB/s, Time = 0.00009 s, Size = 480 Elements, NumDevsUsed = 1, Workgroup = 11
Reduction, Throughput = 0.8571 GB/s, Time = 0.00000 s, Size = 480 Elements, NumDevsUsed = 1, Workgroup = 11
Reduction, Throughput = 0.0451 GB/s, Time = 0.00009 s, Size = 1023 Elements, NumDevsUsed = 1, Workgroup = 512
Reduction, Throughput = 0.0447 GB/s, Time = 0.00009 s, Size = 1023 Elements, NumDevsUsed = 1, Workgroup = 512
Reduction, Throughput = 0.0462 GB/s, Time = 0.00009 s, Size = 1023 Elements, NumDevsUsed = 1, Workgroup = 512
Reduction, Throughput = 0.0821 GB/s, Time = 0.00005 s, Size = 1023 Elements, NumDevsUsed = 1, Workgroup = 512
Reduction, Throughput = 0.0923 GB/s, Time = 0.00004 s, Size = 1023 Elements, NumDevsUsed = 1, Workgroup = 512
Reduction, Throughput = 0.0944 GB/s, Time = 0.00004 s, Size = 1023 Elements, NumDevsUsed = 1, Workgroup = 512
Reduction, Throughput = 0.0942 GB/s, Time = 0.00004 s, Size = 1023 Elements, NumDevsUsed = 1, Workgroup = 512
Reduction, Throughput = 0.0403 GB/s, Time = 0.00005 s, Size = 511 Elements, NumDevsUsed = 1, Workgroup = 512
Reduction, Throughput = 0.0398 GB/s, Time = 0.00005 s, Size = 511 Elements, NumDevsUsed = 1, Workgroup = 512
Reduction, Throughput = 0.0420 GB/s, Time = 0.00005 s, Size = 511 Elements, NumDevsUsed = 1, Workgroup = 512
Reduction, Throughput = 0.0440 GB/s, Time = 0.00005 s, Size = 511 Elements, NumDevsUsed = 1, Workgroup = 256
Reduction, Throughput = 0.0474 GB/s, Time = 0.00004 s, Size = 511 Elements, NumDevsUsed = 1, Workgroup = 256
Reduction, Throughput = 0.0482 GB/s, Time = 0.00004 s, Size = 511 Elements, NumDevsUsed = 1, Workgroup = 256
Reduction, Throughput = 0.0476 GB/s, Time = 0.00004 s, Size = 511 Elements, NumDevsUsed = 1, Workgroup = 256
Reduction, Throughput = 0.0381 GB/s, Time = 0.00005 s, Size = 480 Elements, NumDevsUsed = 1, Workgroup = 512
Reduction, Throughput = 0.0375 GB/s, Time = 0.00005 s, Size = 480 Elements, NumDevsUsed = 1, Workgroup = 512
Reduction, Throughput = 0.0401 GB/s, Time = 0.00005 s, Size = 480 Elements, NumDevsUsed = 1, Workgroup = 512
Reduction, Throughput = 0.0419 GB/s, Time = 0.00005 s, Size = 480 Elements, NumDevsUsed = 1, Workgroup = 256
Reduction, Throughput = 0.0447 GB/s, Time = 0.00004 s, Size = 480 Elements, NumDevsUsed = 1, Workgroup = 256
Reduction, Throughput = 0.0453 GB/s, Time = 0.00004 s, Size = 480 Elements, NumDevsUsed = 1, Workgroup = 256
Reduction, Throughput = 0.0452 GB/s, Time = 0.00004 s, Size = 480 Elements, NumDevsUsed = 1, Workgroup = 256
Reduction, Throughput = 0.0415 GB/s, Time = 0.00010 s, Size = 1023 Elements, NumDevsUsed = 1, Workgroup = 511
Reduction, Throughput = 0.0434 GB/s, Time = 0.00009 s, Size = 1023 Elements, NumDevsUsed = 1, Workgroup = 511
Reduction, Throughput = 0.0442 GB/s, Time = 0.00009 s, Size = 1023 Elements, NumDevsUsed = 1, Workgroup = 511
Reduction, Throughput = 0.0468 GB/s, Time = 0.00009 s, Size = 1023 Elements, NumDevsUsed = 1, Workgroup = 511
Reduction, Throughput = 0.0966 GB/s, Time = 0.00004 s, Size = 1023 Elements, NumDevsUsed = 1, Workgroup = 511
Reduction, Throughput = 0.0981 GB/s, Time = 0.00004 s, Size = 1023 Elements, NumDevsUsed = 1, Workgroup = 511
Reduction, Throughput = 0.0977 GB/s, Time = 0.00004 s, Size = 1023 Elements, NumDevsUsed = 1, Workgroup = 511
Reduction, Throughput = 0.0405 GB/s, Time = 0.00005 s, Size = 511 Elements, NumDevsUsed = 1, Workgroup = 511
Reduction, Throughput = 0.0398 GB/s, Time = 0.00005 s, Size = 511 Elements, NumDevsUsed = 1, Workgroup = 511
Reduction, Throughput = 0.0434 GB/s, Time = 0.00005 s, Size = 511 Elements, NumDevsUsed = 1, Workgroup = 511
Reduction, Throughput = 0.0446 GB/s, Time = 0.00005 s, Size = 511 Elements, NumDevsUsed = 1, Workgroup = 256
Reduction, Throughput = 0.0477 GB/s, Time = 0.00004 s, Size = 511 Elements, NumDevsUsed = 1, Workgroup = 256
Reduction, Throughput = 0.0480 GB/s, Time = 0.00004 s, Size = 511 Elements, NumDevsUsed = 1, Workgroup = 256
Reduction, Throughput = 0.0483 GB/s, Time = 0.00004 s, Size = 511 Elements, NumDevsUsed = 1, Workgroup = 256
Reduction, Throughput = 0.0381 GB/s, Time = 0.00005 s, Size = 480 Elements, NumDevsUsed = 1, Workgroup = 512
Reduction, Throughput = 0.0366 GB/s, Time = 0.00005 s, Size = 480 Elements, NumDevsUsed = 1, Workgroup = 512
Reduction, Throughput = 0.0402 GB/s, Time = 0.00005 s, Size = 480 Elements, NumDevsUsed = 1, Workgroup = 512
Reduction, Throughput = 0.0416 GB/s, Time = 0.00005 s, Size = 480 Elements, NumDevsUsed = 1, Workgroup = 256
Reduction, Throughput = 0.0445 GB/s, Time = 0.00004 s, Size = 480 Elements, NumDevsUsed = 1, Workgroup = 256
Reduction, Throughput = 0.0455 GB/s, Time = 0.00004 s, Size = 480 Elements, NumDevsUsed = 1, Workgroup = 256
Reduction, Throughput = 0.0453 GB/s, Time = 0.00004 s, Size = 480 Elements, NumDevsUsed = 1, Workgroup = 256
Reduction, Throughput = 0.0444 GB/s, Time = 0.00009 s, Size = 1023 Elements, NumDevsUsed = 1, Workgroup = 480
Reduction, Throughput = 0.0470 GB/s, Time = 0.00009 s, Size = 1023 Elements, NumDevsUsed = 1, Workgroup = 480
Reduction, Throughput = 0.0966 GB/s, Time = 0.00004 s, Size = 1023 Elements, NumDevsUsed = 1, Workgroup = 480
Reduction, Throughput = 0.0975 GB/s, Time = 0.00004 s, Size = 1023 Elements, NumDevsUsed = 1, Workgroup = 480
Reduction, Throughput = 0.0985 GB/s, Time = 0.00004 s, Size = 1023 Elements, NumDevsUsed = 1, Workgroup = 480
Reduction, Throughput = 0.0234 GB/s, Time = 0.00009 s, Size = 511 Elements, NumDevsUsed = 1, Workgroup = 480
Reduction, Throughput = 0.0444 GB/s, Time = 0.00005 s, Size = 511 Elements, NumDevsUsed = 1, Workgroup = 256
Reduction, Throughput = 0.0474 GB/s, Time = 0.00004 s, Size = 511 Elements, NumDevsUsed = 1, Workgroup = 256
Reduction, Throughput = 0.0482 GB/s, Time = 0.00004 s, Size = 511 Elements, NumDevsUsed = 1, Workgroup = 256
Reduction, Throughput = 0.0480 GB/s, Time = 0.00004 s, Size = 511 Elements, NumDevsUsed = 1, Workgroup = 256
Reduction, Throughput = 0.0411 GB/s, Time = 0.00005 s, Size = 480 Elements, NumDevsUsed = 1, Workgroup = 480
Reduction, Throughput = 0.0422 GB/s, Time = 0.00005 s, Size = 480 Elements, NumDevsUsed = 1, Workgroup = 256
Reduction, Throughput = 0.0446 GB/s, Time = 0.00004 s, Size = 480 Elements, NumDevsUsed = 1, Workgroup = 256
Reduction, Throughput = 0.0457 GB/s, Time = 0.00004 s, Size = 480 Elements, NumDevsUsed = 1, Workgroup = 256
Reduction, Throughput = 0.0453 GB/s, Time = 0.00004 s, Size = 480 Elements, NumDevsUsed = 1, Workgroup = 256
Reduction, Throughput = 0.0283 GB/s, Time = 0.00014 s, Size = 1023 Elements, NumDevsUsed = 1, Workgroup = 11
Reduction, Throughput = 0.0286 GB/s, Time = 0.00014 s, Size = 1023 Elements, NumDevsUsed = 1, Workgroup = 11
Reduction, Throughput = 0.0296 GB/s, Time = 0.00014 s, Size = 1023 Elements, NumDevsUsed = 1, Workgroup = 11
Reduction, Throughput = 0.0316 GB/s, Time = 0.00013 s, Size = 1023 Elements, NumDevsUsed = 1, Workgroup = 11
Reduction, Throughput = 0.0947 GB/s, Time = 0.00004 s, Size = 1023 Elements, NumDevsUsed = 1, Workgroup = 11
Reduction, Throughput = 0.0959 GB/s, Time = 0.00004 s, Size = 1023 Elements, NumDevsUsed = 1, Workgroup = 11
Reduction, Throughput = 0.0951 GB/s, Time = 0.00004 s, Size = 1023 Elements, NumDevsUsed = 1, Workgroup = 11
Reduction, Throughput = 0.0153 GB/s, Time = 0.00013 s, Size = 511 Elements, NumDevsUsed = 1, Workgroup = 11
Reduction, Throughput = 0.0142 GB/s, Time = 0.00014 s, Size = 511 Elements, NumDevsUsed = 1, Workgroup = 11
Reduction, Throughput = 0.0157 GB/s, Time = 0.00013 s, Size = 511 Elements, NumDevsUsed = 1, Workgroup = 11
Reduction, Throughput = 0.0163 GB/s, Time = 0.00013 s, Size = 511 Elements, NumDevsUsed = 1, Workgroup = 11
Reduction, Throughput = 0.0463 GB/s, Time = 0.00004 s, Size = 511 Elements, NumDevsUsed = 1, Workgroup = 11
Reduction, Throughput = 0.0489 GB/s, Time = 0.00004 s, Size = 511 Elements, NumDevsUsed = 1, Workgroup = 11
Reduction, Throughput = 0.0480 GB/s, Time = 0.00004 s, Size = 511 Elements, NumDevsUsed = 1, Workgroup = 11
Reduction, Throughput = 0.0146 GB/s, Time = 0.00013 s, Size = 480 Elements, NumDevsUsed = 1, Workgroup = 11
Reduction, Throughput = 0.0145 GB/s, Time = 0.00013 s, Size = 480 Elements, NumDevsUsed = 1, Workgroup = 11
Reduction, Throughput = 0.0149 GB/s, Time = 0.00013 s, Size = 480 Elements, NumDevsUsed = 1, Workgroup = 11
Reduction, Throughput = 0.0226 GB/s, Time = 0.00009 s, Size = 480 Elements, NumDevsUsed = 1, Workgroup = 11
Reduction, Throughput = 0.8170 GB/s, Time = 0.00000 s, Size = 480 Elements, NumDevsUsed = 1, Workgroup = 11
Reduction, Throughput = 0.7901 GB/s, Time = 0.00000 s, Size = 480 Elements, NumDevsUsed = 1, Workgroup = 11
Reduction, Throughput = 0.7773 GB/s, Time = 0.00000 s, Size = 480 Elements, NumDevsUsed = 1, Workgroup = 11
Reduction, Throughput = 0.0003 GB/s, Time = 0.01549 s, Size = 1023 Elements, NumDevsUsed = 1, Workgroup = 512
Reduction, Throughput = 0.0003 GB/s, Time = 0.01546 s, Size = 1023 Elements, NumDevsUsed = 1, Workgroup = 512
Reduction, Throughput = 0.0003 GB/s, Time = 0.01550 s, Size = 1023 Elements, NumDevsUsed = 1, Workgroup = 512
Reduction, Throughput = 0.0005 GB/s, Time = 0.00778 s, Size = 1023 Elements, NumDevsUsed = 1, Workgroup = 512
Reduction, Throughput = 0.0005 GB/s, Time = 0.00783 s, Size = 1023 Elements, NumDevsUsed = 1, Workgroup = 512
Reduction, Throughput = 0.0005 GB/s, Time = 0.00783 s, Size = 1023 Elements, NumDevsUsed = 1, Workgroup = 512
Reduction, Throughput = 0.0005 GB/s, Time = 0.00782 s, Size = 1023 Elements, NumDevsUsed = 1, Workgroup = 512
Reduction, Throughput = 0.0003 GB/s, Time = 0.00771 s, Size = 511 Elements, NumDevsUsed = 1, Workgroup = 512
Reduction, Throughput = 0.0003 GB/s, Time = 0.00774 s, Size = 511 Elements, NumDevsUsed = 1, Workgroup = 512
Reduction, Throughput = 0.0003 GB/s, Time = 0.00771 s, Size = 511 Elements, NumDevsUsed = 1, Workgroup = 512
Reduction, Throughput = 0.0003 GB/s, Time = 0.00770 s, Size = 511 Elements, NumDevsUsed = 1, Workgroup = 256
Reduction, Throughput = 0.0003 GB/s, Time = 0.00773 s, Size = 511 Elements, NumDevsUsed = 1, Workgroup = 256
Reduction, Throughput = 0.0003 GB/s, Time = 0.00773 s, Size = 511 Elements, NumDevsUsed = 1, Workgroup = 256
Reduction, Throughput = 0.0003 GB/s, Time = 0.00773 s, Size = 511 Elements, NumDevsUsed = 1, Workgroup = 256
Reduction, Throughput = 0.0002 GB/s, Time = 0.00770 s, Size = 480 Elements, NumDevsUsed = 1, Workgroup = 512
Reduction, Throughput = 0.0002 GB/s, Time = 0.00774 s, Size = 480 Elements, NumDevsUsed = 1, Workgroup = 512
Reduction, Throughput = 0.0002 GB/s, Time = 0.00774 s, Size = 480 Elements, NumDevsUsed = 1, Workgroup = 512
Reduction, Throughput = 0.0002 GB/s, Time = 0.00776 s, Size = 480 Elements, NumDevsUsed = 1, Workgroup = 256
Reduction, Throughput = 0.0002 GB/s, Time = 0.00773 s, Size = 480 Elements, NumDevsUsed = 1, Workgroup = 256
Reduction, Throughput = 0.0002 GB/s, Time = 0.00774 s, Size = 480 Elements, NumDevsUsed = 1, Workgroup = 256
Reduction, Throughput = 0.0002 GB/s, Time = 0.00773 s, Size = 480 Elements, NumDevsUsed = 1, Workgroup = 256
Reduction, Throughput = 0.0003 GB/s, Time = 0.01549 s, Size = 1023 Elements, NumDevsUsed = 1, Workgroup = 511
Reduction, Throughput = 0.0003 GB/s, Time = 0.01555 s, Size = 1023 Elements, NumDevsUsed = 1, Workgroup = 511
Reduction, Throughput = 0.0003 GB/s, Time = 0.01553 s, Size = 1023 Elements, NumDevsUsed = 1, Workgroup = 511
Reduction, Throughput = 0.0003 GB/s, Time = 0.01550 s, Size = 1023 Elements, NumDevsUsed = 1, Workgroup = 511
Reduction, Throughput = 0.0005 GB/s, Time = 0.00786 s, Size = 1023 Elements, NumDevsUsed = 1, Workgroup = 511
Reduction, Throughput = 0.0005 GB/s, Time = 0.00788 s, Size = 1023 Elements, NumDevsUsed = 1, Workgroup = 511
Reduction, Throughput = 0.0005 GB/s, Time = 0.00786 s, Size = 1023 Elements, NumDevsUsed = 1, Workgroup = 511
Reduction, Throughput = 0.0003 GB/s, Time = 0.00774 s, Size = 511 Elements, NumDevsUsed = 1, Workgroup = 511
Reduction, Throughput = 0.0003 GB/s, Time = 0.00771 s, Size = 511 Elements, NumDevsUsed = 1, Workgroup = 511
Reduction, Throughput = 0.0003 GB/s, Time = 0.00773 s, Size = 511 Elements, NumDevsUsed = 1, Workgroup = 511
Reduction, Throughput = 0.0003 GB/s, Time = 0.00770 s, Size = 511 Elements, NumDevsUsed = 1, Workgroup = 256
Reduction, Throughput = 0.0003 GB/s, Time = 0.00773 s, Size = 511 Elements, NumDevsUsed = 1, Workgroup = 256
Reduction, Throughput = 0.0003 GB/s, Time = 0.00773 s, Size = 511 Elements, NumDevsUsed = 1, Workgroup = 256
Reduction, Throughput = 0.0003 GB/s, Time = 0.00773 s, Size = 511 Elements, NumDevsUsed = 1, Workgroup = 256
Reduction, Throughput = 0.0002 GB/s, Time = 0.00771 s, Size = 480 Elements, NumDevsUsed = 1, Workgroup = 512
Reduction, Throughput = 0.0002 GB/s, Time = 0.00771 s, Size = 480 Elements, NumDevsUsed = 1, Workgroup = 512
Reduction, Throughput = 0.0002 GB/s, Time = 0.00770 s, Size = 480 Elements, NumDevsUsed = 1, Workgroup = 512
Reduction, Throughput = 0.0002 GB/s, Time = 0.00770 s, Size = 480 Elements, NumDevsUsed = 1, Workgroup = 256
Reduction, Throughput = 0.0002 GB/s, Time = 0.00773 s, Size = 480 Elements, NumDevsUsed = 1, Workgroup = 256
Reduction, Throughput = 0.0002 GB/s, Time = 0.00773 s, Size = 480 Elements, NumDevsUsed = 1, Workgroup = 256
Reduction, Throughput = 0.0002 GB/s, Time = 0.00773 s, Size = 480 Elements, NumDevsUsed = 1, Workgroup = 256
Reduction, Throughput = 0.0003 GB/s, Time = 0.01547 s, Size = 1023 Elements, NumDevsUsed = 1, Workgroup = 480
Reduction, Throughput = 0.0003 GB/s, Time = 0.01546 s, Size = 1023 Elements, NumDevsUsed = 1, Workgroup = 480
Reduction, Throughput = 0.0005 GB/s, Time = 0.00787 s, Size = 1023 Elements, NumDevsUsed = 1, Workgroup = 480
Reduction, Throughput = 0.0005 GB/s, Time = 0.00788 s, Size = 1023 Elements, NumDevsUsed = 1, Workgroup = 480
Reduction, Throughput = 0.0005 GB/s, Time = 0.00784 s, Size = 1023 Elements, NumDevsUsed = 1, Workgroup = 480
Reduction, Throughput = 0.0001 GB/s, Time = 0.01543 s, Size = 511 Elements, NumDevsUsed = 1, Workgroup = 480
Reduction, Throughput = 0.0003 GB/s, Time = 0.00771 s, Size = 511 Elements, NumDevsUsed = 1, Workgroup = 256
Reduction, Throughput = 0.0003 GB/s, Time = 0.00773 s, Size = 511 Elements, NumDevsUsed = 1, Workgroup = 256
Reduction, Throughput = 0.0003 GB/s, Time = 0.00772 s, Size = 511 Elements, NumDevsUsed = 1, Workgroup = 256
Reduction, Throughput = 0.0003 GB/s, Time = 0.00773 s, Size = 511 Elements, NumDevsUsed = 1, Workgroup = 256
Reduction, Throughput = 0.0002 GB/s, Time = 0.00771 s, Size = 480 Elements, NumDevsUsed = 1, Workgroup = 480
Reduction, Throughput = 0.0002 GB/s, Time = 0.00771 s, Size = 480 Elements, NumDevsUsed = 1, Workgroup = 256
Reduction, Throughput = 0.0002 GB/s, Time = 0.00771 s, Size = 480 Elements, NumDevsUsed = 1, Workgroup = 256
Reduction, Throughput = 0.0002 GB/s, Time = 0.00771 s, Size = 480 Elements, NumDevsUsed = 1, Workgroup = 256
Reduction, Throughput = 0.0002 GB/s, Time = 0.00773 s, Size = 480 Elements, NumDevsUsed = 1, Workgroup = 256
Reduction, Throughput = 0.0002 GB/s, Time = 0.02373 s, Size = 1023 Elements, NumDevsUsed = 1, Workgroup = 11
Reduction, Throughput = 0.0002 GB/s, Time = 0.02373 s, Size = 1023 Elements, NumDevsUsed = 1, Workgroup = 11
Reduction, Throughput = 0.0002 GB/s, Time = 0.02371 s, Size = 1023 Elements, NumDevsUsed = 1, Workgroup = 11
Reduction, Throughput = 0.0002 GB/s, Time = 0.02343 s, Size = 1023 Elements, NumDevsUsed = 1, Workgroup = 11
Reduction, Throughput = 0.0005 GB/s, Time = 0.00796 s, Size = 1023 Elements, NumDevsUsed = 1, Workgroup = 11
Reduction, Throughput = 0.0005 GB/s, Time = 0.00797 s, Size = 1023 Elements, NumDevsUsed = 1, Workgroup = 11
Reduction, Throughput = 0.0005 GB/s, Time = 0.00795 s, Size = 1023 Elements, NumDevsUsed = 1, Workgroup = 11
Reduction, Throughput = 0.0001 GB/s, Time = 0.02319 s, Size = 511 Elements, NumDevsUsed = 1, Workgroup = 11
Reduction, Throughput = 0.0001 GB/s, Time = 0.02318 s, Size = 511 Elements, NumDevsUsed = 1, Workgroup = 11
Reduction, Throughput = 0.0001 GB/s, Time = 0.02316 s, Size = 511 Elements, NumDevsUsed = 1, Workgroup = 11
Reduction, Throughput = 0.0001 GB/s, Time = 0.02315 s, Size = 511 Elements, NumDevsUsed = 1, Workgroup = 11
Reduction, Throughput = 0.0003 GB/s, Time = 0.00780 s, Size = 511 Elements, NumDevsUsed = 1, Workgroup = 11
Reduction, Throughput = 0.0003 GB/s, Time = 0.00779 s, Size = 511 Elements, NumDevsUsed = 1, Workgroup = 11
Reduction, Throughput = 0.0003 GB/s, Time = 0.00780 s, Size = 511 Elements, NumDevsUsed = 1, Workgroup = 11
Reduction, Throughput = 0.0001 GB/s, Time = 0.02311 s, Size = 480 Elements, NumDevsUsed = 1, Workgroup = 11
Reduction, Throughput = 0.0001 GB/s, Time = 0.02317 s, Size = 480 Elements, NumDevsUsed = 1, Workgroup = 11
Reduction, Throughput = 0.0001 GB/s, Time = 0.02319 s, Size = 480 Elements, NumDevsUsed = 1, Workgroup = 11
Reduction, Throughput = 0.0001 GB/s, Time = 0.01544 s, Size = 480 Elements, NumDevsUsed = 1, Workgroup = 11
Reduction, Throughput = 0.8276 GB/s, Time = 0.00000 s, Size = 480 Elements, NumDevsUsed = 1, Workgroup = 11
Reduction, Throughput = 0.8312 GB/s, Time = 0.00000 s, Size = 480 Elements, NumDevsUsed = 1, Workgroup = 11
Reduction, Throughput = 0.8571 GB/s, Time = 0.00000 s, Size = 480 Elements, NumDevsUsed = 1, Workgroup = 11
Reduction, Throughput = 0.0003 GB/s, Time = 0.01555 s, Size = 1023 Elements, NumDevsUsed = 1, Workgroup = 512
Reduction, Throughput = 0.0003 GB/s, Time = 0.01554 s, Size = 1023 Elements, NumDevsUsed = 1, Workgroup = 512
Reduction, Throughput = 0.0003 GB/s, Time = 0.01552 s, Size = 1023 Elements, NumDevsUsed = 1, Workgroup = 512
Reduction, Throughput = 0.0003 GB/s, Time = 0.01551 s, Size = 1023 Elements, NumDevsUsed = 1, Workgroup = 512
Reduction, Throughput = 0.0003 GB/s, Time = 0.01554 s, Size = 1023 Elements, NumDevsUsed = 1, Workgroup = 512
Reduction, Throughput = 0.0003 GB/s, Time = 0.01553 s, Size = 1023 Elements, NumDevsUsed = 1, Workgroup = 512
Reduction, Throughput = 0.0005 GB/s, Time = 0.00780 s, Size = 1023 Elements, NumDevsUsed = 1, Workgroup = 512
Reduction, Throughput = 0.0005 GB/s, Time = 0.00781 s, Size = 1023 Elements, NumDevsUsed = 1, Workgroup = 512
Reduction, Throughput = 0.0005 GB/s, Time = 0.00781 s, Size = 1023 Elements, NumDevsUsed = 1, Workgroup = 512
Reduction, Throughput = 0.0005 GB/s, Time = 0.00782 s, Size = 1023 Elements, NumDevsUsed = 1, Workgroup = 512
Reduction, Throughput = 0.0003 GB/s, Time = 0.00777 s, Size = 511 Elements, NumDevsUsed = 1, Workgroup = 512
Reduction, Throughput = 0.0003 GB/s, Time = 0.01565 s, Size = 1023 Elements, NumDevsUsed = 1, Workgroup = 512
Reduction, Throughput = 0.0003 GB/s, Time = 0.01561 s, Size = 1023 Elements, NumDevsUsed = 1, Workgroup = 512
Reduction, Throughput = 0.0003 GB/s, Time = 0.01561 s, Size = 1023 Elements, NumDevsUsed = 1, Workgroup = 512
Reduction, Throughput = 0.0005 GB/s, Time = 0.00776 s, Size = 1023 Elements, NumDevsUsed = 1, Workgroup = 512
Reduction, Throughput = 0.0005 GB/s, Time = 0.00785 s, Size = 1023 Elements, NumDevsUsed = 1, Workgroup = 512
Reduction, Throughput = 0.0005 GB/s, Time = 0.00790 s, Size = 1023 Elements, NumDevsUsed = 1, Workgroup = 512
Reduction, Throughput = 0.0005 GB/s, Time = 0.00790 s, Size = 1023 Elements, NumDevsUsed = 1, Workgroup = 512
Reduction, Throughput = 0.0003 GB/s, Time = 0.00777 s, Size = 511 Elements, NumDevsUsed = 1, Workgroup = 512
Reduction, Throughput = 0.0003 GB/s, Time = 0.00779 s, Size = 511 Elements, NumDevsUsed = 1, Workgroup = 512
Reduction, Throughput = 0.0003 GB/s, Time = 0.00780 s, Size = 511 Elements, NumDevsUsed = 1, Workgroup = 512
Reduction, Throughput = 0.0003 GB/s, Time = 0.00788 s, Size = 511 Elements, NumDevsUsed = 1, Workgroup = 256
Reduction, Throughput = 0.0003 GB/s, Time = 0.00787 s, Size = 511 Elements, NumDevsUsed = 1, Workgroup = 256
Reduction, Throughput = 0.0003 GB/s, Time = 0.00801 s, Size = 511 Elements, NumDevsUsed = 1, Workgroup = 256
Reduction, Throughput = 0.0003 GB/s, Time = 0.00781 s, Size = 511 Elements, NumDevsUsed = 1, Workgroup = 256
Reduction, Throughput = 0.0002 GB/s, Time = 0.00783 s, Size = 480 Elements, NumDevsUsed = 1, Workgroup = 512
Reduction, Throughput = 0.0002 GB/s, Time = 0.00800 s, Size = 480 Elements, NumDevsUsed = 1, Workgroup = 512
Reduction, Throughput = 0.0002 GB/s, Time = 0.00784 s, Size = 480 Elements, NumDevsUsed = 1, Workgroup = 512
Reduction, Throughput = 0.0002 GB/s, Time = 0.00783 s, Size = 480 Elements, NumDevsUsed = 1, Workgroup = 256
Reduction, Throughput = 0.0002 GB/s, Time = 0.00784 s, Size = 480 Elements, NumDevsUsed = 1, Workgroup = 256
Reduction, Throughput = 0.0002 GB/s, Time = 0.00787 s, Size = 480 Elements, NumDevsUsed = 1, Workgroup = 256
Reduction, Throughput = 0.0002 GB/s, Time = 0.00777 s, Size = 480 Elements, NumDevsUsed = 1, Workgroup = 256
Reduction, Throughput = 0.0003 GB/s, Time = 0.01581 s, Size = 1023 Elements, NumDevsUsed = 1, Workgroup = 511
Reduction, Throughput = 0.0003 GB/s, Time = 0.01566 s, Size = 1023 Elements, NumDevsUsed = 1, Workgroup = 511
Reduction, Throughput = 0.0003 GB/s, Time = 0.01566 s, Size = 1023 Elements, NumDevsUsed = 1, Workgroup = 511
Reduction, Throughput = 0.0003 GB/s, Time = 0.01595 s, Size = 1023 Elements, NumDevsUsed = 1, Workgroup = 511
Reduction, Throughput = 0.0005 GB/s, Time = 0.00795 s, Size = 1023 Elements, NumDevsUsed = 1, Workgroup = 511
Reduction, Throughput = 0.0005 GB/s, Time = 0.00794 s, Size = 1023 Elements, NumDevsUsed = 1, Workgroup = 511
Reduction, Throughput = 0.0005 GB/s, Time = 0.00798 s, Size = 1023 Elements, NumDevsUsed = 1, Workgroup = 511
Reduction, Throughput = 0.0003 GB/s, Time = 0.00777 s, Size = 511 Elements, NumDevsUsed = 1, Workgroup = 511
Reduction, Throughput = 0.0003 GB/s, Time = 0.00791 s, Size = 511 Elements, NumDevsUsed = 1, Workgroup = 511
Reduction, Throughput = 0.0003 GB/s, Time = 0.00785 s, Size = 511 Elements, NumDevsUsed = 1, Workgroup = 511
Reduction, Throughput = 0.0003 GB/s, Time = 0.00787 s, Size = 511 Elements, NumDevsUsed = 1, Workgroup = 256
Reduction, Throughput = 0.0003 GB/s, Time = 0.00783 s, Size = 511 Elements, NumDevsUsed = 1, Workgroup = 256
Reduction, Throughput = 0.0003 GB/s, Time = 0.00799 s, Size = 511 Elements, NumDevsUsed = 1, Workgroup = 256
Reduction, Throughput = 0.0003 GB/s, Time = 0.00791 s, Size = 511 Elements, NumDevsUsed = 1, Workgroup = 256
Reduction, Throughput = 0.0002 GB/s, Time = 0.00788 s, Size = 480 Elements, NumDevsUsed = 1, Workgroup = 512
Reduction, Throughput = 0.0002 GB/s, Time = 0.00801 s, Size = 480 Elements, NumDevsUsed = 1, Workgroup = 512
Reduction, Throughput = 0.0002 GB/s, Time = 0.00785 s, Size = 480 Elements, NumDevsUsed = 1, Workgroup = 512
Reduction, Throughput = 0.0002 GB/s, Time = 0.00789 s, Size = 480 Elements, NumDevsUsed = 1, Workgroup = 256
Reduction, Throughput = 0.0002 GB/s, Time = 0.00783 s, Size = 480 Elements, NumDevsUsed = 1, Workgroup = 256
Reduction, Throughput = 0.0002 GB/s, Time = 0.00793 s, Size = 480 Elements, NumDevsUsed = 1, Workgroup = 256
Reduction, Throughput = 0.0002 GB/s, Time = 0.00788 s, Size = 480 Elements, NumDevsUsed = 1, Workgroup = 256
Reduction, Throughput = 0.0003 GB/s, Time = 0.01571 s, Size = 1023 Elements, NumDevsUsed = 1, Workgroup = 480
Reduction, Throughput = 0.0003 GB/s, Time = 0.01566 s, Size = 1023 Elements, NumDevsUsed = 1, Workgroup = 480
Reduction, Throughput = 0.0005 GB/s, Time = 0.00800 s, Size = 1023 Elements, NumDevsUsed = 1, Workgroup = 480
Reduction, Throughput = 0.0005 GB/s, Time = 0.00795 s, Size = 1023 Elements, NumDevsUsed = 1, Workgroup = 480
Reduction, Throughput = 0.0005 GB/s, Time = 0.00796 s, Size = 1023 Elements, NumDevsUsed = 1, Workgroup = 480
Reduction, Throughput = 0.0001 GB/s, Time = 0.01565 s, Size = 511 Elements, NumDevsUsed = 1, Workgroup = 480
Reduction, Throughput = 0.0003 GB/s, Time = 0.00777 s, Size = 511 Elements, NumDevsUsed = 1, Workgroup = 256
Reduction, Throughput = 0.0003 GB/s, Time = 0.00788 s, Size = 511 Elements, NumDevsUsed = 1, Workgroup = 256
Reduction, Throughput = 0.0003 GB/s, Time = 0.00792 s, Size = 511 Elements, NumDevsUsed = 1, Workgroup = 256
Reduction, Throughput = 0.0003 GB/s, Time = 0.00798 s, Size = 511 Elements, NumDevsUsed = 1, Workgroup = 256
Reduction, Throughput = 0.0002 GB/s, Time = 0.00803 s, Size = 480 Elements, NumDevsUsed = 1, Workgroup = 480
Reduction, Throughput = 0.0002 GB/s, Time = 0.00784 s, Size = 480 Elements, NumDevsUsed = 1, Workgroup = 256
Reduction, Throughput = 0.0002 GB/s, Time = 0.00781 s, Size = 480 Elements, NumDevsUsed = 1, Workgroup = 256
Reduction, Throughput = 0.0002 GB/s, Time = 0.00780 s, Size = 480 Elements, NumDevsUsed = 1, Workgroup = 256
Reduction, Throughput = 0.0002 GB/s, Time = 0.00779 s, Size = 480 Elements, NumDevsUsed = 1, Workgroup = 256
Reduction, Throughput = 0.0002 GB/s, Time = 0.02436 s, Size = 1023 Elements, NumDevsUsed = 1, Workgroup = 11
Reduction, Throughput = 0.0002 GB/s, Time = 0.02433 s, Size = 1023 Elements, NumDevsUsed = 1, Workgroup = 11
Reduction, Throughput = 0.0002 GB/s, Time = 0.02464 s, Size = 1023 Elements, NumDevsUsed = 1, Workgroup = 11
Reduction, Throughput = 0.0002 GB/s, Time = 0.02374 s, Size = 1023 Elements, NumDevsUsed = 1, Workgroup = 11
Reduction, Throughput = 0.0005 GB/s, Time = 0.00809 s, Size = 1023 Elements, NumDevsUsed = 1, Workgroup = 11
Reduction, Throughput = 0.0005 GB/s, Time = 0.00805 s, Size = 1023 Elements, NumDevsUsed = 1, Workgroup = 11
Reduction, Throughput = 0.0005 GB/s, Time = 0.00801 s, Size = 1023 Elements, NumDevsUsed = 1, Workgroup = 11
Reduction, Throughput = 0.0001 GB/s, Time = 0.02339 s, Size = 511 Elements, NumDevsUsed = 1, Workgroup = 11
Reduction, Throughput = 0.0001 GB/s, Time = 0.02343 s, Size = 511 Elements, NumDevsUsed = 1, Workgroup = 11
Reduction, Throughput = 0.0001 GB/s, Time = 0.02341 s, Size = 511 Elements, NumDevsUsed = 1, Workgroup = 11
Reduction, Throughput = 0.0001 GB/s, Time = 0.02334 s, Size = 511 Elements, NumDevsUsed = 1, Workgroup = 11
Reduction, Throughput = 0.0003 GB/s, Time = 0.00791 s, Size = 511 Elements, NumDevsUsed = 1, Workgroup = 11
Reduction, Throughput = 0.0003 GB/s, Time = 0.00788 s, Size = 511 Elements, NumDevsUsed = 1, Workgroup = 11
Reduction, Throughput = 0.0003 GB/s, Time = 0.00789 s, Size = 511 Elements, NumDevsUsed = 1, Workgroup = 11
Reduction, Throughput = 0.0001 GB/s, Time = 0.02338 s, Size = 480 Elements, NumDevsUsed = 1, Workgroup = 11
Reduction, Throughput = 0.0001 GB/s, Time = 0.02375 s, Size = 480 Elements, NumDevsUsed = 1, Workgroup = 11
Reduction, Throughput = 0.0001 GB/s, Time = 0.02346 s, Size = 480 Elements, NumDevsUsed = 1, Workgroup = 11
Reduction, Throughput = 0.0001 GB/s, Time = 0.01568 s, Size = 480 Elements, NumDevsUsed = 1, Workgroup = 11
Reduction, Throughput = 0.8533 GB/s, Time = 0.00000 s, Size = 480 Elements, NumDevsUsed = 1, Workgroup = 11
Reduction, Throughput = 0.8170 GB/s, Time = 0.00000 s, Size = 480 Elements, NumDevsUsed = 1, Workgroup = 11
Reduction, Throughput = 0.8170 GB/s, Time = 0.00000 s, Size = 480 Elements, NumDevsUsed = 1, Workgroup = 11
Reduction, Throughput = 0.0002 GB/s, Time = 0.02253 s, Size = 1023 Elements, NumDevsUsed = 1, Workgroup = 512
Reduction, Throughput = 0.0002 GB/s, Time = 0.02248 s, Size = 1023 Elements, NumDevsUsed = 1, Workgroup = 512
Reduction, Throughput = 0.0002 GB/s, Time = 0.02344 s, Size = 1023 Elements, NumDevsUsed = 1, Workgroup = 512
Reduction, Throughput = 0.0004 GB/s, Time = 0.01129 s, Size = 1023 Elements, NumDevsUsed = 1, Workgroup = 512
Reduction, Throughput = 0.0004 GB/s, Time = 0.01125 s, Size = 1023 Elements, NumDevsUsed = 1, Workgroup = 512
Reduction, Throughput = 0.0003 GB/s, Time = 0.01226 s, Size = 1023 Elements, NumDevsUsed = 1, Workgroup = 512
Reduction, Throughput = 0.0004 GB/s, Time = 0.01123 s, Size = 1023 Elements, NumDevsUsed = 1, Workgroup = 512
Reduction, Throughput = 0.0002 GB/s, Time = 0.01130 s, Size = 511 Elements, NumDevsUsed = 1, Workgroup = 512
Reduction, Throughput = 0.0002 GB/s, Time = 0.01128 s, Size = 511 Elements, NumDevsUsed = 1, Workgroup = 512
Reduction, Throughput = 0.0002 GB/s, Time = 0.01128 s, Size = 511 Elements, NumDevsUsed = 1, Workgroup = 512
Reduction, Throughput = 0.0002 GB/s, Time = 0.01218 s, Size = 511 Elements, NumDevsUsed = 1, Workgroup = 256
Reduction, Throughput = 0.0002 GB/s, Time = 0.01130 s, Size = 511 Elements, NumDevsUsed = 1, Workgroup = 256
Reduction, Throughput = 0.0002 GB/s, Time = 0.01126 s, Size = 511 Elements, NumDevsUsed = 1, Workgroup = 256
Reduction, Throughput = 0.0002 GB/s, Time = 0.01127 s, Size = 511 Elements, NumDevsUsed = 1, Workgroup = 256
Reduction, Throughput = 0.0002 GB/s, Time = 0.01127 s, Size = 480 Elements, NumDevsUsed = 1, Workgroup = 512
Reduction, Throughput = 0.0002 GB/s, Time = 0.01122 s, Size = 480 Elements, NumDevsUsed = 1, Workgroup = 512
Reduction, Throughput = 0.0002 GB/s, Time = 0.01128 s, Size = 480 Elements, NumDevsUsed = 1, Workgroup = 512
Reduction, Throughput = 0.0002 GB/s, Time = 0.01225 s, Size = 480 Elements, NumDevsUsed = 1, Workgroup = 256
Reduction, Throughput = 0.0002 GB/s, Time = 0.01126 s, Size = 480 Elements, NumDevsUsed = 1, Workgroup = 256
Reduction, Throughput = 0.0002 GB/s, Time = 0.01126 s, Size = 480 Elements, NumDevsUsed = 1, Workgroup = 256
Reduction, Throughput = 0.0002 GB/s, Time = 0.01128 s, Size = 480 Elements, NumDevsUsed = 1, Workgroup = 256
Reduction, Throughput = 0.0002 GB/s, Time = 0.02253 s, Size = 1023 Elements, NumDevsUsed = 1, Workgroup = 511
Reduction, Throughput = 0.0002 GB/s, Time = 0.02257 s, Size = 1023 Elements, NumDevsUsed = 1, Workgroup = 511
Reduction, Throughput = 0.0002 GB/s, Time = 0.02341 s, Size = 1023 Elements, NumDevsUsed = 1, Workgroup = 511
Reduction, Throughput = 0.0002 GB/s, Time = 0.02348 s, Size = 1023 Elements, NumDevsUsed = 1, Workgroup = 511
Reduction, Throughput = 0.0004 GB/s, Time = 0.01135 s, Size = 1023 Elements, NumDevsUsed = 1, Workgroup = 511
Reduction, Throughput = 0.0004 GB/s, Time = 0.01131 s, Size = 1023 Elements, NumDevsUsed = 1, Workgroup = 511
Reduction, Throughput = 0.0004 GB/s, Time = 0.01131 s, Size = 1023 Elements, NumDevsUsed = 1, Workgroup = 511
Reduction, Throughput = 0.0002 GB/s, Time = 0.01128 s, Size = 511 Elements, NumDevsUsed = 1, Workgroup = 511
Reduction, Throughput = 0.0002 GB/s, Time = 0.01225 s, Size = 511 Elements, NumDevsUsed = 1, Workgroup = 511
Reduction, Throughput = 0.0002 GB/s, Time = 0.01127 s, Size = 511 Elements, NumDevsUsed = 1, Workgroup = 511
Reduction, Throughput = 0.0002 GB/s, Time = 0.01129 s, Size = 511 Elements, NumDevsUsed = 1, Workgroup = 256
Reduction, Throughput = 0.0002 GB/s, Time = 0.01123 s, Size = 511 Elements, NumDevsUsed = 1, Workgroup = 256
Reduction, Throughput = 0.0002 GB/s, Time = 0.01127 s, Size = 511 Elements, NumDevsUsed = 1, Workgroup = 256
Reduction, Throughput = 0.0002 GB/s, Time = 0.01218 s, Size = 511 Elements, NumDevsUsed = 1, Workgroup = 256
Reduction, Throughput = 0.0002 GB/s, Time = 0.01130 s, Size = 480 Elements, NumDevsUsed = 1, Workgroup = 512
Reduction, Throughput = 0.0002 GB/s, Time = 0.01221 s, Size = 480 Elements, NumDevsUsed = 1, Workgroup = 512
Reduction, Throughput = 0.0002 GB/s, Time = 0.01125 s, Size = 480 Elements, NumDevsUsed = 1, Workgroup = 512
Reduction, Throughput = 0.0002 GB/s, Time = 0.01128 s, Size = 480 Elements, NumDevsUsed = 1, Workgroup = 256
Reduction, Throughput = 0.0002 GB/s, Time = 0.01124 s, Size = 480 Elements, NumDevsUsed = 1, Workgroup = 256
Reduction, Throughput = 0.0002 GB/s, Time = 0.01129 s, Size = 480 Elements, NumDevsUsed = 1, Workgroup = 256
Reduction, Throughput = 0.0002 GB/s, Time = 0.01220 s, Size = 480 Elements, NumDevsUsed = 1, Workgroup = 256
Reduction, Throughput = 0.0002 GB/s, Time = 0.02256 s, Size = 1023 Elements, NumDevsUsed = 1, Workgroup = 480
Reduction, Throughput = 0.0002 GB/s, Time = 0.02314 s, Size = 1023 Elements, NumDevsUsed = 1, Workgroup = 480
Reduction, Throughput = 0.0003 GB/s, Time = 0.01225 s, Size = 1023 Elements, NumDevsUsed = 1, Workgroup = 480
Reduction, Throughput = 0.0004 GB/s, Time = 0.01132 s, Size = 1023 Elements, NumDevsUsed = 1, Workgroup = 480
Reduction, Throughput = 0.0003 GB/s, Time = 0.01230 s, Size = 1023 Elements, NumDevsUsed = 1, Workgroup = 480
Reduction, Throughput = 0.0001 GB/s, Time = 0.02257 s, Size = 511 Elements, NumDevsUsed = 1, Workgroup = 480
Reduction, Throughput = 0.0002 GB/s, Time = 0.01123 s, Size = 511 Elements, NumDevsUsed = 1, Workgroup = 256
Reduction, Throughput = 0.0002 GB/s, Time = 0.01123 s, Size = 511 Elements, NumDevsUsed = 1, Workgroup = 256
Reduction, Throughput = 0.0002 GB/s, Time = 0.01122 s, Size = 511 Elements, NumDevsUsed = 1, Workgroup = 256
Reduction, Throughput = 0.0002 GB/s, Time = 0.01222 s, Size = 511 Elements, NumDevsUsed = 1, Workgroup = 256
Reduction, Throughput = 0.0002 GB/s, Time = 0.01128 s, Size = 480 Elements, NumDevsUsed = 1, Workgroup = 480
Reduction, Throughput = 0.0002 GB/s, Time = 0.01127 s, Size = 480 Elements, NumDevsUsed = 1, Workgroup = 256
Reduction, Throughput = 0.0002 GB/s, Time = 0.01130 s, Size = 480 Elements, NumDevsUsed = 1, Workgroup = 256
Reduction, Throughput = 0.0002 GB/s, Time = 0.01219 s, Size = 480 Elements, NumDevsUsed = 1, Workgroup = 256
Reduction, Throughput = 0.0002 GB/s, Time = 0.01151 s, Size = 480 Elements, NumDevsUsed = 1, Workgroup = 256
Reduction, Throughput = 0.0001 GB/s, Time = 0.03396 s, Size = 1023 Elements, NumDevsUsed = 1, Workgroup = 11
Reduction, Throughput = 0.0001 GB/s, Time = 0.03536 s, Size = 1023 Elements, NumDevsUsed = 1, Workgroup = 11
Reduction, Throughput = 0.0001 GB/s, Time = 0.04344 s, Size = 1023 Elements, NumDevsUsed = 1, Workgroup = 11
Reduction, Throughput = 0.0001 GB/s, Time = 0.03907 s, Size = 1023 Elements, NumDevsUsed = 1, Workgroup = 11
Reduction, Throughput = 0.0004 GB/s, Time = 0.01133 s, Size = 1023 Elements, NumDevsUsed = 1, Workgroup = 11
Reduction, Throughput = 0.0004 GB/s, Time = 0.01133 s, Size = 1023 Elements, NumDevsUsed = 1, Workgroup = 11
Reduction, Throughput = 0.0003 GB/s, Time = 0.01237 s, Size = 1023 Elements, NumDevsUsed = 1, Workgroup = 11
Reduction, Throughput = 0.0001 GB/s, Time = 0.03653 s, Size = 511 Elements, NumDevsUsed = 1, Workgroup = 11
Reduction, Throughput = 0.0001 GB/s, Time = 0.03472 s, Size = 511 Elements, NumDevsUsed = 1, Workgroup = 11
Reduction, Throughput = 0.0001 GB/s, Time = 0.03484 s, Size = 511 Elements, NumDevsUsed = 1, Workgroup = 11
Reduction, Throughput = 0.0001 GB/s, Time = 0.03987 s, Size = 511 Elements, NumDevsUsed = 1, Workgroup = 11
Reduction, Throughput = 0.0001 GB/s, Time = 0.01374 s, Size = 511 Elements, NumDevsUsed = 1, Workgroup = 11
Reduction, Throughput = 0.0002 GB/s, Time = 0.01138 s, Size = 511 Elements, NumDevsUsed = 1, Workgroup = 11
Reduction, Throughput = 0.0002 GB/s, Time = 0.01138 s, Size = 511 Elements, NumDevsUsed = 1, Workgroup = 11
Reduction, Throughput = 0.0001 GB/s, Time = 0.03465 s, Size = 480 Elements, NumDevsUsed = 1, Workgroup = 11
Reduction, Throughput = 0.0001 GB/s, Time = 0.03466 s, Size = 480 Elements, NumDevsUsed = 1, Workgroup = 11
Reduction, Throughput = 0.0001 GB/s, Time = 0.03479 s, Size = 480 Elements, NumDevsUsed = 1, Workgroup = 11
Reduction, Throughput = 0.0001 GB/s, Time = 0.02350 s, Size = 480 Elements, NumDevsUsed = 1, Workgroup = 11
Reduction, Throughput = 0.5319 GB/s, Time = 0.00000 s, Size = 480 Elements, NumDevsUsed = 1, Workgroup = 11
Reduction, Throughput = 0.5549 GB/s, Time = 0.00000 s, Size = 480 Elements, NumDevsUsed = 1, Workgroup = 11
Reduction, Throughput = 0.5424 GB/s, Time = 0.00000 s, Size = 480 Elements, NumDevsUsed = 1, Workgroup = 11
Reduction, Throughput = 95.7631 GB/s, Time = 0.00070 s, Size = 16777216 Elements, NumDevsUsed = 1, Workgroup = 256
Reduction, Throughput = 95.7016 GB/s, Time = 0.00070 s, Size = 16777216 Elements, NumDevsUsed = 1, Workgroup = 256
Reduction, Throughput = 95.7604 GB/s, Time = 0.00070 s, Size = 16777216 Elements, NumDevsUsed = 1, Workgroup = 256
Reduction, Throughput = 95.7808 GB/s, Time = 0.00070 s, Size = 16777216 Elements, NumDevsUsed = 1, Workgroup = 256
Reduction, Throughput = 95.3861 GB/s, Time = 0.00070 s, Size = 16777216 Elements, NumDevsUsed = 1, Workgroup = 256
Reduction, Throughput = 95.6089 GB/s, Time = 0.00070 s, Size = 16777216 Elements, NumDevsUsed = 1, Workgroup = 256
Reduction, Throughput = 94.6075 GB/s, Time = 0.00071 s, Size = 16777216 Elements, NumDevsUsed = 1, Workgroup = 256
Reduction, Throughput = 0.0005 GB/s, Time = 0.00003 s, Size = 4 Elements, NumDevsUsed = 1, Workgroup = 2
Reduction, Throughput = 0.0006 GB/s, Time = 0.00003 s, Size = 4 Elements, NumDevsUsed = 1, Workgroup = 2
Reduction, Throughput = 63.6482 GB/s, Time = 0.00042 s, Size = 6666666 Elements, NumDevsUsed = 1, Workgroup = 256
Reduction, Throughput = 1.6673 GB/s, Time = 0.00016 s, Size = 66666 Elements, NumDevsUsed = 1, Workgroup = 256
Reduction, Throughput = 95.3048 GB/s, Time = 0.00070 s, Size = 16777216 Elements, NumDevsUsed = 1, Workgroup = 256
Reduction, Throughput = 95.1548 GB/s, Time = 0.00071 s, Size = 16777216 Elements, NumDevsUsed = 1, Workgroup = 256
Reduction, Throughput = 94.8548 GB/s, Time = 0.00071 s, Size = 16777216 Elements, NumDevsUsed = 1, Workgroup = 256
Reduction, Throughput = 95.2588 GB/s, Time = 0.00070 s, Size = 16777216 Elements, NumDevsUsed = 1, Workgroup = 256
Reduction, Throughput = 95.1278 GB/s, Time = 0.00071 s, Size = 16777216 Elements, NumDevsUsed = 1, Workgroup = 256
Reduction, Throughput = 95.1669 GB/s, Time = 0.00071 s, Size = 16777216 Elements, NumDevsUsed = 1, Workgroup = 256
